tag,aspect_ratio,target_f0_hz,modal_only_f0_hz,coupled_f0_hz,delta_hz,delta_cents
L45D34,45,110.000,110.001131,109.998052,-0.003079,-0.0485
L50D31,50,110.000,110.001131,109.998052,-0.003079,-0.0485
L55D28,55,110.000,110.001131,109.998052,-0.003079,-0.0485
L60D26,60,110.000,110.001131,109.998052,-0.003079,-0.0485
