mode_index,modal_only_hz,coupled_hz,delta_hz,delta_cents
1,110.001131,109.998052,-0.003079,-0.0485
2,220.009047,220.002888,-0.006159,-0.0485
3,330.030535,330.021296,-0.009239,-0.0485
4,440.072381,440.060060,-0.012320,-0.0485
5,550.141372,550.125970,-0.015403,-0.0485
