delta_end_correction_m_per_side,acoustic_length_m,f0_modal_hz,f0_delta_hz,f0_delta_cents
-0.0020,1.555091,110.284075,0.282945,4.4474
-0.0010,1.557091,110.142421,0.141291,2.2223
+0.0000,1.559091,110.001131,0.000000,0.0000
+0.0010,1.561091,109.860202,-0.140929,-2.2194
+0.0020,1.563091,109.719634,-0.281496,-4.4360
