aspect_ratio,target_f0_hz,bore_diameter_m,bore_diameter_in,bore_length_m,bore_length_in,wall_thickness_m,wall_thickness_in,acoustic_length_m,end_correction_per_side_m,cavity_volume_m3,analytic_mode_1_hz,analytic_mode_2_hz,analytic_mode_3_hz,predicted_f0_hz
45,110.000,0.034191,1.3461,1.538577,60.5739,0.007522,0.2961,1.559091,0.010257,1.412610e-03,110.0000,220.0000,330.0000,110.0000
50,110.000,0.030812,1.2131,1.540604,60.6537,0.006779,0.2669,1.559091,0.009244,1.148742e-03,110.0000,220.0000,330.0000,110.0000
55,110.000,0.028041,1.1040,1.542266,60.7191,0.006169,0.2429,1.559091,0.008412,9.524507e-04,110.0000,220.0000,330.0000,110.0000
60,110.000,0.025728,1.0129,1.543654,60.7738,0.005660,0.2228,1.559091,0.007718,8.024862e-04,110.0000,220.0000,330.0000,110.0000
